Pick,Round,Team_Key,Player_Key,Year
1,1,273.l.777818.t.9,273.p.9527,2012
2,1,273.l.777818.t.2,273.p.8832,2012
3,1,273.l.777818.t.3,273.p.9317,2012
4,1,273.l.777818.t.10,273.p.8256,2012
5,1,273.l.777818.t.5,273.p.7200,2012
6,1,273.l.777818.t.8,273.p.8781,2012
7,1,273.l.777818.t.12,273.p.5228,2012
8,1,273.l.777818.t.7,273.p.24017,2012
9,1,273.l.777818.t.4,273.p.5479,2012
10,1,273.l.777818.t.1,273.p.8801,2012
11,1,273.l.777818.t.6,273.p.8821,2012
12,1,273.l.777818.t.11,273.p.9265,2012
13,2,273.l.777818.t.11,273.p.7809,2012
14,2,273.l.777818.t.6,273.p.24788,2012
15,2,273.l.777818.t.1,273.p.24070,2012
16,2,273.l.777818.t.4,273.p.6762,2012
17,2,273.l.777818.t.7,273.p.8780,2012
18,2,273.l.777818.t.12,273.p.8266,2012
19,2,273.l.777818.t.8,273.p.8850,2012
20,2,273.l.777818.t.5,273.p.24793,2012
21,2,273.l.777818.t.10,273.p.24791,2012
22,2,273.l.777818.t.3,273.p.24858,2012
23,2,273.l.777818.t.2,273.p.6339,2012
24,2,273.l.777818.t.9,273.p.24553,2012
25,3,273.l.777818.t.9,273.p.23987,2012
26,3,273.l.777818.t.2,273.p.7868,2012
27,3,273.l.777818.t.3,273.p.7203,2012
28,3,273.l.777818.t.10,273.p.25713,2012
29,3,273.l.777818.t.5,273.p.7801,2012
30,3,273.l.777818.t.8,273.p.6760,2012
31,3,273.l.777818.t.12,273.p.6783,2012
32,3,273.l.777818.t.7,273.p.8261,2012
33,3,273.l.777818.t.4,273.p.7027,2012
34,3,273.l.777818.t.1,273.p.6624,2012
35,3,273.l.777818.t.6,273.p.8813,2012
36,3,273.l.777818.t.11,273.p.5521,2012
37,4,273.l.777818.t.11,273.p.9293,2012
38,4,273.l.777818.t.6,273.p.7241,2012
39,4,273.l.777818.t.1,273.p.6913,2012
40,4,273.l.777818.t.4,273.p.8504,2012
41,4,273.l.777818.t.7,273.p.8001,2012
42,4,273.l.777818.t.12,273.p.9286,2012
43,4,273.l.777818.t.8,273.p.9348,2012
44,4,273.l.777818.t.5,273.p.8063,2012
45,4,273.l.777818.t.10,273.p.9283,2012
46,4,273.l.777818.t.3,273.p.6460,2012
47,4,273.l.777818.t.2,273.p.6359,2012
48,4,273.l.777818.t.9,273.p.24171,2012
49,5,273.l.777818.t.9,273.p.8021,2012
50,5,273.l.777818.t.2,273.p.9001,2012
51,5,273.l.777818.t.3,273.p.6663,2012
52,5,273.l.777818.t.10,273.p.25741,2012
53,5,273.l.777818.t.5,273.p.24088,2012
54,5,273.l.777818.t.8,273.p.8868,2012
55,5,273.l.777818.t.12,273.p.24062,2012
56,5,273.l.777818.t.7,273.p.7237,2012
57,5,273.l.777818.t.4,273.p.7306,2012
58,5,273.l.777818.t.1,273.p.23999,2012
59,5,273.l.777818.t.6,273.p.7755,2012
60,5,273.l.777818.t.11,273.p.7751,2012
61,6,273.l.777818.t.11,273.p.8277,2012
62,6,273.l.777818.t.6,273.p.23997,2012
63,6,273.l.777818.t.1,273.p.8982,2012
64,6,273.l.777818.t.4,273.p.8825,2012
65,6,273.l.777818.t.7,273.p.8790,2012
66,6,273.l.777818.t.12,273.p.8826,2012
67,6,273.l.777818.t.8,273.p.5477,2012
68,6,273.l.777818.t.5,273.p.9004,2012
69,6,273.l.777818.t.10,273.p.5448,2012
70,6,273.l.777818.t.3,273.p.4256,2012
71,6,273.l.777818.t.2,273.p.9284,2012
72,6,273.l.777818.t.9,273.p.6763,2012
73,7,273.l.777818.t.9,273.p.6405,2012
74,7,273.l.777818.t.2,273.p.25712,2012
75,7,273.l.777818.t.3,273.p.24845,2012
76,7,273.l.777818.t.10,273.p.3950,2012
77,7,273.l.777818.t.5,273.p.9039,2012
78,7,273.l.777818.t.8,273.p.5046,2012
79,7,273.l.777818.t.12,273.p.23996,2012
80,7,273.l.777818.t.7,273.p.9271,2012
81,7,273.l.777818.t.4,273.p.100025,2012
82,7,273.l.777818.t.1,273.p.8329,2012
83,7,273.l.777818.t.6,273.p.8841,2012
84,7,273.l.777818.t.11,273.p.9353,2012
85,8,273.l.777818.t.11,273.p.7760,2012
86,8,273.l.777818.t.6,273.p.9294,2012
87,8,273.l.777818.t.1,273.p.100003,2012
88,8,273.l.777818.t.4,273.p.8281,2012
89,8,273.l.777818.t.7,273.p.100023,2012
90,8,273.l.777818.t.12,273.p.100021,2012
91,8,273.l.777818.t.8,273.p.100033,2012
92,8,273.l.777818.t.5,273.p.100009,2012
93,8,273.l.777818.t.10,273.p.100034,2012
94,8,273.l.777818.t.3,273.p.100026,2012
95,8,273.l.777818.t.2,273.p.100019,2012
96,8,273.l.777818.t.9,273.p.100017,2012
97,9,273.l.777818.t.9,273.p.4587,2012
98,9,273.l.777818.t.2,273.p.25730,2012
99,9,273.l.777818.t.3,273.p.8447,2012
100,9,273.l.777818.t.10,273.p.7867,2012
101,9,273.l.777818.t.5,273.p.24935,2012
102,9,273.l.777818.t.8,273.p.7149,2012
103,9,273.l.777818.t.12,273.p.25427,2012
104,9,273.l.777818.t.7,273.p.2034,2012
105,9,273.l.777818.t.4,273.p.9329,2012
106,9,273.l.777818.t.1,273.p.9295,2012
107,9,273.l.777818.t.6,273.p.8416,2012
108,9,273.l.777818.t.11,273.p.100020,2012
109,10,273.l.777818.t.11,273.p.24846,2012
110,10,273.l.777818.t.6,273.p.24076,2012
111,10,273.l.777818.t.1,273.p.6770,2012
112,10,273.l.777818.t.4,273.p.6390,2012
113,10,273.l.777818.t.7,273.p.9291,2012
114,10,273.l.777818.t.12,273.p.24860,2012
115,10,273.l.777818.t.8,273.p.24892,2012
116,10,273.l.777818.t.5,273.p.7774,2012
117,10,273.l.777818.t.10,273.p.7776,2012
118,10,273.l.777818.t.3,273.p.24932,2012
119,10,273.l.777818.t.2,273.p.9674,2012
120,10,273.l.777818.t.9,273.p.9514,2012
121,11,273.l.777818.t.9,273.p.24831,2012
122,11,273.l.777818.t.2,273.p.25715,2012
123,11,273.l.777818.t.3,273.p.8298,2012
124,11,273.l.777818.t.10,273.p.25711,2012
125,11,273.l.777818.t.5,273.p.24964,2012
126,11,273.l.777818.t.8,273.p.6849,2012
127,11,273.l.777818.t.12,273.p.7544,2012
128,11,273.l.777818.t.7,273.p.8916,2012
129,11,273.l.777818.t.4,273.p.9274,2012
130,11,273.l.777818.t.1,273.p.7180,2012
131,11,273.l.777818.t.6,273.p.8800,2012
132,11,273.l.777818.t.11,273.p.8807,2012
133,12,273.l.777818.t.11,273.p.8561,2012
134,12,273.l.777818.t.6,273.p.100010,2012
135,12,273.l.777818.t.1,273.p.7492,2012
136,12,273.l.777818.t.4,273.p.7847,2012
137,12,273.l.777818.t.7,273.p.24795,2012
138,12,273.l.777818.t.12,273.p.9281,2012
139,12,273.l.777818.t.8,273.p.8332,2012
140,12,273.l.777818.t.5,273.p.25105,2012
141,12,273.l.777818.t.10,273.p.24851,2012
142,12,273.l.777818.t.3,273.p.6337,2012
143,12,273.l.777818.t.2,273.p.24825,2012
144,12,273.l.777818.t.9,273.p.8285,2012
145,13,273.l.777818.t.9,273.p.5463,2012
146,13,273.l.777818.t.2,273.p.8872,2012
147,13,273.l.777818.t.3,273.p.4262,2012
148,13,273.l.777818.t.10,273.p.24813,2012
149,13,273.l.777818.t.5,273.p.8795,2012
150,13,273.l.777818.t.8,273.p.7206,2012
151,13,273.l.777818.t.12,273.p.9391,2012
152,13,273.l.777818.t.7,273.p.25755,2012
153,13,273.l.777818.t.4,273.p.24822,2012
154,13,273.l.777818.t.1,273.p.24830,2012
155,13,273.l.777818.t.6,273.p.7434,2012
156,13,273.l.777818.t.11,273.p.6407,2012
157,14,273.l.777818.t.11,273.p.24033,2012
158,14,273.l.777818.t.6,273.p.23984,2012
159,14,273.l.777818.t.1,273.p.9222,2012
160,14,273.l.777818.t.4,273.p.100008,2012
161,14,273.l.777818.t.7,273.p.9037,2012
162,14,273.l.777818.t.12,273.p.25744,2012
163,14,273.l.777818.t.8,273.p.9030,2012
164,14,273.l.777818.t.5,273.p.7520,2012
165,14,273.l.777818.t.10,273.p.8838,2012
166,14,273.l.777818.t.3,273.p.6765,2012
167,14,273.l.777818.t.2,273.p.6243,2012
168,14,273.l.777818.t.9,273.p.7426,2012
169,15,273.l.777818.t.9,273.p.100002,2012
170,15,273.l.777818.t.2,273.p.7177,2012
171,15,273.l.777818.t.3,273.p.8565,2012
172,15,273.l.777818.t.10,273.p.6824,2012
173,15,273.l.777818.t.5,273.p.8354,2012
174,15,273.l.777818.t.8,273.p.24907,2012
175,15,273.l.777818.t.12,273.p.1111,2012
176,15,273.l.777818.t.7,273.p.9032,2012
177,15,273.l.777818.t.4,273.p.7223,2012
178,15,273.l.777818.t.1,273.p.25742,2012
179,15,273.l.777818.t.6,273.p.23976,2012
180,15,273.l.777818.t.11,273.p.7527,2012
1,1,314.l.731544.t.5,314.p.8261,2013
2,1,314.l.731544.t.3,314.p.9527,2013
3,1,314.l.731544.t.7,314.p.25741,2013
4,1,314.l.731544.t.9,314.p.23984,2013
5,1,314.l.731544.t.4,314.p.9317,2013
6,1,314.l.731544.t.11,314.p.8850,2013
7,1,314.l.731544.t.2,314.p.8266,2013
8,1,314.l.731544.t.6,314.p.8832,2013
9,1,314.l.731544.t.12,314.p.7200,2013
10,1,314.l.731544.t.10,314.p.8256,2013
11,1,314.l.731544.t.1,314.p.5479,2013
12,1,314.l.731544.t.8,314.p.23999,2013
13,2,314.l.731544.t.8,314.p.24070,2013
14,2,314.l.731544.t.1,314.p.3950,2013
15,2,314.l.731544.t.10,314.p.6783,2013
16,2,314.l.731544.t.12,314.p.7868,2013
17,2,314.l.731544.t.6,314.p.25883,2013
18,2,314.l.731544.t.2,314.p.25713,2013
19,2,314.l.731544.t.11,314.p.24791,2013
20,2,314.l.731544.t.4,314.p.8821,2013
21,2,314.l.731544.t.9,314.p.7809,2013
22,2,314.l.731544.t.7,314.p.8801,2013
23,2,314.l.731544.t.3,314.p.24860,2013
24,2,314.l.731544.t.5,314.p.24793,2013
25,3,314.l.731544.t.5,314.p.4256,2013
26,3,314.l.731544.t.3,314.p.5228,2013
27,3,314.l.731544.t.7,314.p.6339,2013
28,3,314.l.731544.t.9,314.p.23997,2013
29,3,314.l.731544.t.4,314.p.6762,2013
30,3,314.l.731544.t.11,314.p.7203,2013
31,3,314.l.731544.t.2,314.p.7237,2013
32,3,314.l.731544.t.6,314.p.24553,2013
33,3,314.l.731544.t.12,314.p.7241,2013
34,3,314.l.731544.t.10,314.p.8780,2013
35,3,314.l.731544.t.1,314.p.9037,2013
36,3,314.l.731544.t.8,314.p.7751,2013
37,4,314.l.731544.t.8,314.p.25742,2013
38,4,314.l.731544.t.1,314.p.8504,2013
39,4,314.l.731544.t.10,314.p.24851,2013
40,4,314.l.731544.t.12,314.p.24788,2013
41,4,314.l.731544.t.6,314.p.25785,2013
42,4,314.l.731544.t.2,314.p.8001,2013
43,4,314.l.731544.t.11,314.p.24845,2013
44,4,314.l.731544.t.4,314.p.8277,2013
45,4,314.l.731544.t.9,314.p.8982,2013
46,4,314.l.731544.t.7,314.p.9265,2013
47,4,314.l.731544.t.3,314.p.9293,2013
48,4,314.l.731544.t.5,314.p.7755,2013
49,5,314.l.731544.t.5,314.p.6390,2013
50,5,314.l.731544.t.3,314.p.5477,2013
51,5,314.l.731544.t.7,314.p.5521,2013
52,5,314.l.731544.t.9,314.p.24823,2013
53,5,314.l.731544.t.4,314.p.24062,2013
54,5,314.l.731544.t.11,314.p.8781,2013
55,5,314.l.731544.t.2,314.p.24858,2013
56,5,314.l.731544.t.6,314.p.24171,2013
57,5,314.l.731544.t.12,314.p.26684,2013
58,5,314.l.731544.t.10,314.p.7306,2013
59,5,314.l.731544.t.1,314.p.8332,2013
60,5,314.l.731544.t.8,314.p.9348,2013
61,6,314.l.731544.t.8,314.p.25712,2013
62,6,314.l.731544.t.1,314.p.100003,2013
63,6,314.l.731544.t.10,314.p.8813,2013
64,6,314.l.731544.t.12,314.p.100025,2013
65,6,314.l.731544.t.6,314.p.100026,2013
66,6,314.l.731544.t.2,314.p.25711,2013
67,6,314.l.731544.t.11,314.p.7027,2013
68,6,314.l.731544.t.4,314.p.24017,2013
69,6,314.l.731544.t.9,314.p.8826,2013
70,6,314.l.731544.t.7,314.p.6405,2013
71,6,314.l.731544.t.3,314.p.8285,2013
72,6,314.l.731544.t.5,314.p.7776,2013
73,7,314.l.731544.t.5,314.p.24035,2013
74,7,314.l.731544.t.3,314.p.25807,2013
75,7,314.l.731544.t.7,314.p.100034,2013
76,7,314.l.731544.t.9,314.p.8868,2013
77,7,314.l.731544.t.4,314.p.6624,2013
78,7,314.l.731544.t.11,314.p.23987,2013
79,7,314.l.731544.t.2,314.p.9353,2013
80,7,314.l.731544.t.6,314.p.7847,2013
81,7,314.l.731544.t.12,314.p.7801,2013
82,7,314.l.731544.t.10,314.p.24830,2013
83,7,314.l.731544.t.1,314.p.9039,2013
84,7,314.l.731544.t.8,314.p.24076,2013
85,8,314.l.731544.t.8,314.p.100007,2013
86,8,314.l.731544.t.1,314.p.8021,2013
87,8,314.l.731544.t.10,314.p.100017,2013
88,8,314.l.731544.t.12,314.p.26631,2013
89,8,314.l.731544.t.6,314.p.9001,2013
90,8,314.l.731544.t.2,314.p.25802,2013
91,8,314.l.731544.t.11,314.p.9393,2013
92,8,314.l.731544.t.4,314.p.26660,2013
93,8,314.l.731544.t.9,314.p.100004,2013
94,8,314.l.731544.t.7,314.p.25962,2013
95,8,314.l.731544.t.3,314.p.24901,2013
96,8,314.l.731544.t.5,314.p.6849,2013
97,9,314.l.731544.t.5,314.p.7867,2013
98,9,314.l.731544.t.3,314.p.24400,2013
99,9,314.l.731544.t.7,314.p.24869,2013
100,9,314.l.731544.t.9,314.p.6243,2013
101,9,314.l.731544.t.4,314.p.8825,2013
102,9,314.l.731544.t.11,314.p.6760,2013
103,9,314.l.731544.t.2,314.p.26681,2013
104,9,314.l.731544.t.6,314.p.25777,2013
105,9,314.l.731544.t.12,314.p.6663,2013
106,9,314.l.731544.t.10,314.p.24815,2013
107,9,314.l.731544.t.1,314.p.25885,2013
108,9,314.l.731544.t.8,314.p.24843,2013
109,10,314.l.731544.t.8,314.p.24057,2013
110,10,314.l.731544.t.1,314.p.8795,2013
111,10,314.l.731544.t.10,314.p.6770,2013
112,10,314.l.731544.t.12,314.p.8800,2013
113,10,314.l.731544.t.6,314.p.26561,2013
114,10,314.l.731544.t.2,314.p.7544,2013
115,10,314.l.731544.t.11,314.p.25806,2013
116,10,314.l.731544.t.4,314.p.8298,2013
117,10,314.l.731544.t.9,314.p.5448,2013
118,10,314.l.731544.t.7,314.p.24822,2013
119,10,314.l.731544.t.3,314.p.9294,2013
120,10,314.l.731544.t.5,314.p.100014,2013
121,11,314.l.731544.t.5,314.p.25723,2013
122,11,314.l.731544.t.3,314.p.24033,2013
123,11,314.l.731544.t.7,314.p.4269,2013
124,11,314.l.731544.t.9,314.p.25794,2013
125,11,314.l.731544.t.4,314.p.24164,2013
126,11,314.l.731544.t.11,314.p.9466,2013
127,11,314.l.731544.t.2,314.p.25939,2013
128,11,314.l.731544.t.6,314.p.6337,2013
129,11,314.l.731544.t.12,314.p.5046,2013
130,11,314.l.731544.t.10,314.p.9560,2013
131,11,314.l.731544.t.1,314.p.25715,2013
132,11,314.l.731544.t.8,314.p.9281,2013
133,12,314.l.731544.t.8,314.p.9276,2013
134,12,314.l.731544.t.1,314.p.9329,2013
135,12,314.l.731544.t.10,314.p.24935,2013
136,12,314.l.731544.t.12,314.p.25764,2013
137,12,314.l.731544.t.6,314.p.100023,2013
138,12,314.l.731544.t.2,314.p.8838,2013
139,12,314.l.731544.t.11,314.p.8561,2013
140,12,314.l.731544.t.4,314.p.23976,2013
141,12,314.l.731544.t.9,314.p.24889,2013
142,12,314.l.731544.t.7,314.p.100022,2013
143,12,314.l.731544.t.3,314.p.100033,2013
144,12,314.l.731544.t.5,314.p.26671,2013
145,13,314.l.731544.t.5,314.p.9284,2013
146,13,314.l.731544.t.3,314.p.9674,2013
147,13,314.l.731544.t.7,314.p.26652,2013
148,13,314.l.731544.t.9,314.p.25773,2013
149,13,314.l.731544.t.4,314.p.100009,2013
150,13,314.l.731544.t.11,314.p.27235,2013
151,13,314.l.731544.t.2,314.p.7149,2013
152,13,314.l.731544.t.6,314.p.7206,2013
153,13,314.l.731544.t.12,314.p.25755,2013
154,13,314.l.731544.t.10,314.p.24932,2013
155,13,314.l.731544.t.1,314.p.9372,2013
156,13,314.l.731544.t.8,314.p.8327,2013
157,14,314.l.731544.t.8,314.p.9271,2013
158,14,314.l.731544.t.1,314.p.23996,2013
159,14,314.l.731544.t.10,314.p.8416,2013
160,14,314.l.731544.t.12,314.p.24856,2013
161,14,314.l.731544.t.6,314.p.26748,2013
162,14,314.l.731544.t.2,314.p.8565,2013
163,14,314.l.731544.t.11,314.p.100016,2013
164,14,314.l.731544.t.4,314.p.26534,2013
165,14,314.l.731544.t.9,314.p.26650,2013
166,14,314.l.731544.t.7,314.p.7177,2013
167,14,314.l.731544.t.3,314.p.25880,2013
168,14,314.l.731544.t.5,314.p.8063,2013
169,15,314.l.731544.t.5,314.p.26682,2013
170,15,314.l.731544.t.3,314.p.25427,2013
171,15,314.l.731544.t.7,314.p.24053,2013
172,15,314.l.731544.t.9,314.p.100027,2013
173,15,314.l.731544.t.4,314.p.25730,2013
174,15,314.l.731544.t.11,314.p.4587,2013
175,15,314.l.731544.t.2,314.p.100019,2013
176,15,314.l.731544.t.6,314.p.7520,2013
177,15,314.l.731544.t.12,314.p.100024,2013
178,15,314.l.731544.t.10,314.p.6558,2013
179,15,314.l.731544.t.1,314.p.24844,2013
180,15,314.l.731544.t.8,314.p.7223,2013
1,1,331.l.793441.t.7,331.p.9317,2014
2,1,331.l.793441.t.2,331.p.8261,2014
3,1,331.l.793441.t.10,331.p.8850,2014
4,1,331.l.793441.t.3,331.p.8821,2014
5,1,331.l.793441.t.4,331.p.26684,2014
6,1,331.l.793441.t.5,331.p.8266,2014
7,1,331.l.793441.t.1,331.p.24070,2014
8,1,331.l.793441.t.8,331.p.8256,2014
9,1,331.l.793441.t.6,331.p.23997,2014
10,1,331.l.793441.t.9,331.p.24791,2014
11,2,331.l.793441.t.9,331.p.7868,2014
12,2,331.l.793441.t.6,331.p.4256,2014
13,2,331.l.793441.t.8,331.p.7200,2014
14,2,331.l.793441.t.1,331.p.26681,2014
15,2,331.l.793441.t.5,331.p.5479,2014
16,2,331.l.793441.t.4,331.p.23999,2014
17,2,331.l.793441.t.3,331.p.24793,2014
18,2,331.l.793441.t.10,331.p.24858,2014
19,2,331.l.793441.t.2,331.p.26660,2014
20,2,331.l.793441.t.7,331.p.26810,2014
21,3,331.l.793441.t.7,331.p.26671,2014
22,3,331.l.793441.t.2,331.p.8813,2014
23,3,331.l.793441.t.10,331.p.25755,2014
24,3,331.l.793441.t.3,331.p.9527,2014
25,3,331.l.793441.t.4,331.p.26783,2014
26,3,331.l.793441.t.5,331.p.24916,2014
27,3,331.l.793441.t.1,331.p.25883,2014
28,3,331.l.793441.t.8,331.p.25741,2014
29,3,331.l.793441.t.6,331.p.24171,2014
30,3,331.l.793441.t.9,331.p.6339,2014
31,4,331.l.793441.t.9,331.p.7751,2014
32,4,331.l.793441.t.6,331.p.24262,2014
33,4,331.l.793441.t.8,331.p.7237,2014
34,4,331.l.793441.t.1,331.p.26699,2014
35,4,331.l.793441.t.5,331.p.7027,2014
36,4,331.l.793441.t.4,331.p.24026,2014
37,4,331.l.793441.t.3,331.p.24788,2014
38,4,331.l.793441.t.10,331.p.24553,2014
39,4,331.l.793441.t.2,331.p.6762,2014
40,4,331.l.793441.t.7,331.p.24851,2014
41,5,331.l.793441.t.7,331.p.7203,2014
42,5,331.l.793441.t.2,331.p.9265,2014
43,5,331.l.793441.t.10,331.p.23987,2014
44,5,331.l.793441.t.3,331.p.7755,2014
45,5,331.l.793441.t.4,331.p.8982,2014
46,5,331.l.793441.t.5,331.p.8826,2014
47,5,331.l.793441.t.1,331.p.9274,2014
48,5,331.l.793441.t.8,331.p.9514,2014
49,5,331.l.793441.t.6,331.p.7241,2014
50,5,331.l.793441.t.9,331.p.24017,2014
51,6,331.l.793441.t.9,331.p.8801,2014
52,6,331.l.793441.t.6,331.p.7809,2014
53,6,331.l.793441.t.8,331.p.24889,2014
54,6,331.l.793441.t.1,331.p.24845,2014
55,6,331.l.793441.t.5,331.p.24843,2014
56,6,331.l.793441.t.4,331.p.8780,2014
57,6,331.l.793441.t.3,331.p.8001,2014
58,6,331.l.793441.t.10,331.p.25712,2014
59,6,331.l.793441.t.2,331.p.23984,2014
60,6,331.l.793441.t.7,331.p.25711,2014
61,7,331.l.793441.t.7,331.p.8285,2014
62,7,331.l.793441.t.2,331.p.25802,2014
63,7,331.l.793441.t.10,331.p.24830,2014
64,7,331.l.793441.t.3,331.p.8832,2014
65,7,331.l.793441.t.4,331.p.6405,2014
66,7,331.l.793441.t.5,331.p.27532,2014
67,7,331.l.793441.t.1,331.p.5228,2014
68,7,331.l.793441.t.8,331.p.25713,2014
69,7,331.l.793441.t.6,331.p.24089,2014
70,7,331.l.793441.t.9,331.p.7760,2014
71,8,331.l.793441.t.9,331.p.24062,2014
72,8,331.l.793441.t.6,331.p.27582,2014
73,8,331.l.793441.t.8,331.p.25723,2014
74,8,331.l.793441.t.1,331.p.24033,2014
75,8,331.l.793441.t.5,331.p.26652,2014
76,8,331.l.793441.t.4,331.p.100026,2014
77,8,331.l.793441.t.3,331.p.24823,2014
78,8,331.l.793441.t.10,331.p.100025,2014
79,8,331.l.793441.t.2,331.p.25807,2014
80,8,331.l.793441.t.7,331.p.100014,2014
81,9,331.l.793441.t.7,331.p.7867,2014
82,9,331.l.793441.t.2,331.p.100029,2014
83,9,331.l.793441.t.10,331.p.8565,2014
84,9,331.l.793441.t.3,331.p.9496,2014
85,9,331.l.793441.t.4,331.p.3727,2014
86,9,331.l.793441.t.5,331.p.100022,2014
87,9,331.l.793441.t.1,331.p.9283,2014
88,9,331.l.793441.t.8,331.p.9348,2014
89,9,331.l.793441.t.6,331.p.25798,2014
90,9,331.l.793441.t.9,331.p.24057,2014
91,10,331.l.793441.t.9,331.p.8561,2014
92,10,331.l.793441.t.6,331.p.9286,2014
93,10,331.l.793441.t.8,331.p.6783,2014
94,10,331.l.793441.t.1,331.p.26708,2014
95,10,331.l.793441.t.5,331.p.4269,2014
96,10,331.l.793441.t.4,331.p.26697,2014
97,10,331.l.793441.t.3,331.p.6663,2014
98,10,331.l.793441.t.10,331.p.6624,2014
99,10,331.l.793441.t.2,331.p.26658,2014
100,10,331.l.793441.t.7,331.p.25730,2014
101,11,331.l.793441.t.7,331.p.24860,2014
102,11,331.l.793441.t.2,331.p.6763,2014
103,11,331.l.793441.t.10,331.p.27585,2014
104,11,331.l.793441.t.3,331.p.6390,2014
105,11,331.l.793441.t.4,331.p.24035,2014
106,11,331.l.793441.t.5,331.p.25785,2014
107,11,331.l.793441.t.1,331.p.8063,2014
108,11,331.l.793441.t.8,331.p.25794,2014
109,11,331.l.793441.t.6,331.p.27556,2014
110,11,331.l.793441.t.9,331.p.24822,2014
111,12,331.l.793441.t.9,331.p.24135,2014
112,12,331.l.793441.t.6,331.p.26534,2014
113,12,331.l.793441.t.8,331.p.25820,2014
114,12,331.l.793441.t.1,331.p.100007,2014
115,12,331.l.793441.t.5,331.p.26561,2014
116,12,331.l.793441.t.4,331.p.27622,2014
117,12,331.l.793441.t.3,331.p.7776,2014
118,12,331.l.793441.t.10,331.p.27548,2014
119,12,331.l.793441.t.2,331.p.27535,2014
120,12,331.l.793441.t.7,331.p.5477,2014
121,13,331.l.793441.t.7,331.p.6770,2014
122,13,331.l.793441.t.2,331.p.9066,2014
123,13,331.l.793441.t.10,331.p.27583,2014
124,13,331.l.793441.t.3,331.p.7306,2014
125,13,331.l.793441.t.4,331.p.24961,2014
126,13,331.l.793441.t.5,331.p.8277,2014
127,13,331.l.793441.t.1,331.p.8447,2014
128,13,331.l.793441.t.8,331.p.100012,2014
129,13,331.l.793441.t.6,331.p.9276,2014
130,13,331.l.793441.t.9,331.p.24815,2014
131,14,331.l.793441.t.9,331.p.8838,2014
132,14,331.l.793441.t.6,331.p.100004,2014
133,14,331.l.793441.t.8,331.p.7505,2014
134,14,331.l.793441.t.1,331.p.26650,2014
135,14,331.l.793441.t.5,331.p.25744,2014
136,14,331.l.793441.t.4,331.p.6760,2014
137,14,331.l.793441.t.3,331.p.100017,2014
138,14,331.l.793441.t.10,331.p.26644,2014
139,14,331.l.793441.t.2,331.p.24901,2014
140,14,331.l.793441.t.7,331.p.7924,2014
141,15,331.l.793441.t.7,331.p.25427,2014
142,15,331.l.793441.t.2,331.p.25773,2014
143,15,331.l.793441.t.10,331.p.100003,2014
144,15,331.l.793441.t.3,331.p.5447,2014
145,15,331.l.793441.t.4,331.p.100002,2014
146,15,331.l.793441.t.5,331.p.9560,2014
147,15,331.l.793441.t.1,331.p.27550,2014
148,15,331.l.793441.t.8,331.p.27378,2014
149,15,331.l.793441.t.6,331.p.24318,2014
150,15,331.l.793441.t.9,331.p.100033,2014
1,1,348.l.570821.t.2,348.p.8261,2015
2,1,348.l.570821.t.8,348.p.24171,2015
3,1,348.l.570821.t.10,348.p.8850,2015
4,1,348.l.570821.t.9,348.p.26684,2015
5,1,348.l.570821.t.4,348.p.26671,2015
6,1,348.l.570821.t.6,348.p.8266,2015
7,1,348.l.570821.t.7,348.p.27583,2015
8,1,348.l.570821.t.5,348.p.24793,2015
9,1,348.l.570821.t.3,348.p.24017,2015
10,1,348.l.570821.t.1,348.p.26878,2015
11,2,348.l.570821.t.1,348.p.8821,2015
12,2,348.l.570821.t.3,348.p.23999,2015
13,2,348.l.570821.t.5,348.p.27540,2015
14,2,348.l.570821.t.7,348.p.24858,2015
15,2,348.l.570821.t.6,348.p.23997,2015
16,2,348.l.570821.t.4,348.p.9010,2015
17,2,348.l.570821.t.9,348.p.25807,2015
18,2,348.l.570821.t.10,348.p.7241,2015
19,2,348.l.570821.t.8,348.p.8256,2015
20,2,348.l.570821.t.2,348.p.25711,2015
21,3,348.l.570821.t.2,348.p.24791,2015
22,3,348.l.570821.t.8,348.p.24815,2015
23,3,348.l.570821.t.10,348.p.7200,2015
24,3,348.l.570821.t.9,348.p.25802,2015
25,3,348.l.570821.t.4,348.p.25755,2015
26,3,348.l.570821.t.6,348.p.24851,2015
27,3,348.l.570821.t.7,348.p.27570,2015
28,3,348.l.570821.t.5,348.p.9317,2015
29,3,348.l.570821.t.3,348.p.27535,2015
30,3,348.l.570821.t.1,348.p.27548,2015
31,4,348.l.570821.t.1,348.p.6339,2015
32,4,348.l.570821.t.3,348.p.26650,2015
33,4,348.l.570821.t.5,348.p.28403,2015
34,4,348.l.570821.t.7,348.p.5479,2015
35,4,348.l.570821.t.6,348.p.26774,2015
36,4,348.l.570821.t.4,348.p.24057,2015
37,4,348.l.570821.t.9,348.p.25785,2015
38,4,348.l.570821.t.10,348.p.27581,2015
39,4,348.l.570821.t.8,348.p.26810,2015
40,4,348.l.570821.t.2,348.p.25883,2015
41,5,348.l.570821.t.2,348.p.24035,2015
42,5,348.l.570821.t.8,348.p.6624,2015
43,5,348.l.570821.t.10,348.p.24070,2015
44,5,348.l.570821.t.9,348.p.9496,2015
45,5,348.l.570821.t.4,348.p.9527,2015
46,5,348.l.570821.t.6,348.p.4256,2015
47,5,348.l.570821.t.7,348.p.28392,2015
48,5,348.l.570821.t.5,348.p.8285,2015
49,5,348.l.570821.t.3,348.p.26804,2015
50,5,348.l.570821.t.1,348.p.6770,2015
51,6,348.l.570821.t.1,348.p.25741,2015
52,6,348.l.570821.t.3,348.p.28442,2015
53,6,348.l.570821.t.5,348.p.27585,2015
54,6,348.l.570821.t.7,348.p.26686,2015
55,6,348.l.570821.t.6,348.p.8838,2015
56,6,348.l.570821.t.4,348.p.27591,2015
57,6,348.l.570821.t.9,348.p.8790,2015
58,6,348.l.570821.t.10,348.p.7237,2015
59,6,348.l.570821.t.8,348.p.24400,2015
60,6,348.l.570821.t.2,348.p.6405,2015
61,7,348.l.570821.t.2,348.p.28398,2015
62,7,348.l.570821.t.8,348.p.7868,2015
63,7,348.l.570821.t.10,348.p.8780,2015
64,7,348.l.570821.t.9,348.p.7924,2015
65,7,348.l.570821.t.4,348.p.24318,2015
66,7,348.l.570821.t.6,348.p.26699,2015
67,7,348.l.570821.t.7,348.p.8826,2015
68,7,348.l.570821.t.5,348.p.27532,2015
69,7,348.l.570821.t.3,348.p.5228,2015
70,7,348.l.570821.t.1,348.p.27646,2015
71,8,348.l.570821.t.1,348.p.24889,2015
72,8,348.l.570821.t.3,348.p.9283,2015
73,8,348.l.570821.t.5,348.p.25718,2015
74,8,348.l.570821.t.7,348.p.28424,2015
75,8,348.l.570821.t.6,348.p.27631,2015
76,8,348.l.570821.t.4,348.p.24788,2015
77,8,348.l.570821.t.9,348.p.27589,2015
78,8,348.l.570821.t.10,348.p.23984,2015
79,8,348.l.570821.t.8,348.p.9514,2015
80,8,348.l.570821.t.2,348.p.28408,2015
81,9,348.l.570821.t.2,348.p.24262,2015
82,9,348.l.570821.t.8,348.p.27619,2015
83,9,348.l.570821.t.10,348.p.26660,2015
84,9,348.l.570821.t.9,348.p.24843,2015
85,9,348.l.570821.t.4,348.p.24062,2015
86,9,348.l.570821.t.6,348.p.100026,2015
87,9,348.l.570821.t.7,348.p.100002,2015
88,9,348.l.570821.t.5,348.p.9348,2015
89,9,348.l.570821.t.3,348.p.7203,2015
90,9,348.l.570821.t.1,348.p.5521,2015
91,10,348.l.570821.t.1,348.p.24553,2015
92,10,348.l.570821.t.3,348.p.6760,2015
93,10,348.l.570821.t.5,348.p.9265,2015
94,10,348.l.570821.t.7,348.p.28429,2015
95,10,348.l.570821.t.6,348.p.26839,2015
96,10,348.l.570821.t.4,348.p.7847,2015
97,10,348.l.570821.t.9,348.p.7867,2015
98,10,348.l.570821.t.10,348.p.6762,2015
99,10,348.l.570821.t.8,348.p.25730,2015
100,10,348.l.570821.t.2,348.p.23987,2015
101,11,348.l.570821.t.2,348.p.6390,2015
102,11,348.l.570821.t.8,348.p.100034,2015
103,11,348.l.570821.t.10,348.p.100021,2015
104,11,348.l.570821.t.9,348.p.100014,2015
105,11,348.l.570821.t.4,348.p.23976,2015
106,11,348.l.570821.t.6,348.p.6763,2015
107,11,348.l.570821.t.7,348.p.28461,2015
108,11,348.l.570821.t.5,348.p.27582,2015
109,11,348.l.570821.t.3,348.p.7751,2015
110,11,348.l.570821.t.1,348.p.27560,2015
111,12,348.l.570821.t.1,348.p.8063,2015
112,12,348.l.570821.t.3,348.p.26644,2015
113,12,348.l.570821.t.5,348.p.100022,2015
114,12,348.l.570821.t.7,348.p.24845,2015
115,12,348.l.570821.t.6,348.p.24916,2015
116,12,348.l.570821.t.4,348.p.9560,2015
117,12,348.l.570821.t.9,348.p.24823,2015
118,12,348.l.570821.t.10,348.p.25427,2015
119,12,348.l.570821.t.8,348.p.25774,2015
120,12,348.l.570821.t.2,348.p.8781,2015
121,13,348.l.570821.t.2,348.p.25743,2015
122,13,348.l.570821.t.8,348.p.26758,2015
123,13,348.l.570821.t.10,348.p.8982,2015
124,13,348.l.570821.t.9,348.p.28465,2015
125,13,348.l.570821.t.4,348.p.27709,2015
126,13,348.l.570821.t.6,348.p.25723,2015
127,13,348.l.570821.t.7,348.p.8001,2015
128,13,348.l.570821.t.5,348.p.28014,2015
129,13,348.l.570821.t.3,348.p.3727,2015
130,13,348.l.570821.t.1,348.p.100007,2015
131,14,348.l.570821.t.1,348.p.8565,2015
132,14,348.l.570821.t.3,348.p.27603,2015
133,14,348.l.570821.t.5,348.p.8447,2015
134,14,348.l.570821.t.7,348.p.26658,2015
135,14,348.l.570821.t.6,348.p.8819,2015
136,14,348.l.570821.t.4,348.p.26534,2015
137,14,348.l.570821.t.9,348.p.9001,2015
138,14,348.l.570821.t.10,348.p.27641,2015
139,14,348.l.570821.t.8,348.p.6663,2015
140,14,348.l.570821.t.2,348.p.7306,2015
141,15,348.l.570821.t.2,348.p.24053,2015
142,15,348.l.570821.t.8,348.p.9066,2015
143,15,348.l.570821.t.10,348.p.7206,2015
144,15,348.l.570821.t.9,348.p.24830,2015
145,15,348.l.570821.t.4,348.p.100017,2015
146,15,348.l.570821.t.6,348.p.26702,2015
147,15,348.l.570821.t.7,348.p.6243,2015
148,15,348.l.570821.t.5,348.p.7760,2015
149,15,348.l.570821.t.3,348.p.100033,2015
150,15,348.l.570821.t.1,348.p.26273,2015
1,1,359.l.185373.t.3,359.p.24171,2016
2,1,359.l.185373.t.2,359.p.27540,2016
3,1,359.l.185373.t.1,359.p.28398,2016
4,1,359.l.185373.t.9,359.p.24793,2016
5,1,359.l.185373.t.10,359.p.28474,2016
6,1,359.l.185373.t.6,359.p.29238,2016
7,1,359.l.185373.t.8,359.p.26650,2016
8,1,359.l.185373.t.7,359.p.8261,2016
9,1,359.l.185373.t.5,359.p.24791,2016
10,1,359.l.185373.t.4,359.p.25807,2016
11,2,359.l.185373.t.4,359.p.27535,2016
12,2,359.l.185373.t.5,359.p.26671,2016
13,2,359.l.185373.t.7,359.p.24017,2016
14,2,359.l.185373.t.8,359.p.7868,2016
15,2,359.l.185373.t.6,359.p.25741,2016
16,2,359.l.185373.t.10,359.p.23999,2016
17,2,359.l.185373.t.9,359.p.27589,2016
18,2,359.l.185373.t.1,359.p.8850,2016
19,2,359.l.185373.t.2,359.p.8813,2016
20,2,359.l.185373.t.3,359.p.27548,2016
21,3,359.l.185373.t.3,359.p.26699,2016
22,3,359.l.185373.t.2,359.p.9317,2016
23,3,359.l.185373.t.1,359.p.27631,2016
24,3,359.l.185373.t.9,359.p.24815,2016
25,3,359.l.185373.t.10,359.p.27532,2016
26,3,359.l.185373.t.6,359.p.28392,2016
27,3,359.l.185373.t.8,359.p.26684,2016
28,3,359.l.185373.t.7,359.p.25755,2016
29,3,359.l.185373.t.5,359.p.7200,2016
30,3,359.l.185373.t.4,359.p.27585,2016
31,4,359.l.185373.t.4,359.p.24851,2016
32,4,359.l.185373.t.5,359.p.25802,2016
33,4,359.l.185373.t.7,359.p.24788,2016
34,4,359.l.185373.t.8,359.p.23997,2016
35,4,359.l.185373.t.6,359.p.24062,2016
36,4,359.l.185373.t.10,359.p.6770,2016
37,4,359.l.185373.t.9,359.p.26878,2016
38,4,359.l.185373.t.1,359.p.25785,2016
39,4,359.l.185373.t.2,359.p.9283,2016
40,4,359.l.185373.t.3,359.p.26708,2016
41,5,359.l.185373.t.3,359.p.26804,2016
42,5,359.l.185373.t.2,359.p.8285,2016
43,5,359.l.185373.t.1,359.p.7776,2016
44,5,359.l.185373.t.9,359.p.25711,2016
45,5,359.l.185373.t.10,359.p.27591,2016
46,5,359.l.185373.t.6,359.p.27618,2016
47,5,359.l.185373.t.8,359.p.24858,2016
48,5,359.l.185373.t.7,359.p.25105,2016
49,5,359.l.185373.t.5,359.p.28714,2016
50,5,359.l.185373.t.4,359.p.24035,2016
51,6,359.l.185373.t.4,359.p.8790,2016
52,6,359.l.185373.t.5,359.p.27556,2016
53,6,359.l.185373.t.7,359.p.8821,2016
54,6,359.l.185373.t.8,359.p.5479,2016
55,6,359.l.185373.t.6,359.p.9496,2016
56,6,359.l.185373.t.10,359.p.26686,2016
57,6,359.l.185373.t.9,359.p.25723,2016
58,6,359.l.185373.t.1,359.p.27874,2016
59,6,359.l.185373.t.2,359.p.27583,2016
60,6,359.l.185373.t.3,359.p.28483,2016
61,7,359.l.185373.t.3,359.p.9527,2016
62,7,359.l.185373.t.2,359.p.9560,2016
63,7,359.l.185373.t.1,359.p.27570,2016
64,7,359.l.185373.t.9,359.p.7924,2016
65,7,359.l.185373.t.10,359.p.7241,2016
66,7,359.l.185373.t.6,359.p.6337,2016
67,7,359.l.185373.t.8,359.p.25744,2016
68,7,359.l.185373.t.7,359.p.28403,2016
69,7,359.l.185373.t.5,359.p.23987,2016
70,7,359.l.185373.t.4,359.p.6760,2016
71,8,359.l.185373.t.4,359.p.26660,2016
72,8,359.l.185373.t.5,359.p.5228,2016
73,8,359.l.185373.t.7,359.p.6762,2016
74,8,359.l.185373.t.8,359.p.24400,2016
75,8,359.l.185373.t.6,359.p.28494,2016
76,8,359.l.185373.t.10,359.p.24057,2016
77,8,359.l.185373.t.9,359.p.100007,2016
78,8,359.l.185373.t.1,359.p.100029,2016
79,8,359.l.185373.t.2,359.p.28465,2016
80,8,359.l.185373.t.3,359.p.25876,2016
81,9,359.l.185373.t.3,359.p.6763,2016
82,9,359.l.185373.t.2,359.p.27531,2016
83,9,359.l.185373.t.1,359.p.24916,2016
84,9,359.l.185373.t.9,359.p.7867,2016
85,9,359.l.185373.t.10,359.p.9514,2016
86,9,359.l.185373.t.6,359.p.8907,2016
87,9,359.l.185373.t.8,359.p.29249,2016
88,9,359.l.185373.t.7,359.p.8826,2016
89,9,359.l.185373.t.5,359.p.26561,2016
90,9,359.l.185373.t.4,359.p.29274,2016
91,10,359.l.185373.t.4,359.p.5521,2016
92,10,359.l.185373.t.5,359.p.9274,2016
93,10,359.l.185373.t.7,359.p.100026,2016
94,10,359.l.185373.t.8,359.p.100022,2016
95,10,359.l.185373.t.6,359.p.100034,2016
96,10,359.l.185373.t.10,359.p.24967,2016
97,10,359.l.185373.t.9,359.p.28402,2016
98,10,359.l.185373.t.1,359.p.7237,2016
99,10,359.l.185373.t.2,359.p.26631,2016
100,10,359.l.185373.t.3,359.p.28457,2016
101,11,359.l.185373.t.3,359.p.28442,2016
102,11,359.l.185373.t.2,359.p.28395,2016
103,11,359.l.185373.t.1,359.p.27619,2016
104,11,359.l.185373.t.9,359.p.24936,2016
105,11,359.l.185373.t.10,359.p.100012,2016
106,11,359.l.185373.t.6,359.p.29279,2016
107,11,359.l.185373.t.8,359.p.6663,2016
108,11,359.l.185373.t.7,359.p.24318,2016
109,11,359.l.185373.t.5,359.p.28461,2016
110,11,359.l.185373.t.4,359.p.24845,2016
111,12,359.l.185373.t.4,359.p.9444,2016
112,12,359.l.185373.t.5,359.p.100014,2016
113,12,359.l.185373.t.7,359.p.28014,2016
114,12,359.l.185373.t.8,359.p.28026,2016
115,12,359.l.185373.t.6,359.p.26644,2016
116,12,359.l.185373.t.10,359.p.25427,2016
117,12,359.l.185373.t.9,359.p.26658,2016
118,12,359.l.185373.t.1,359.p.8838,2016
119,12,359.l.185373.t.2,359.p.28424,2016
120,12,359.l.185373.t.3,359.p.25812,2016
121,13,359.l.185373.t.3,359.p.28534,2016
122,13,359.l.185373.t.2,359.p.27597,2016
123,13,359.l.185373.t.1,359.p.9526,2016
124,13,359.l.185373.t.9,359.p.6624,2016
125,13,359.l.185373.t.10,359.p.6390,2016
126,13,359.l.185373.t.6,359.p.27564,2016
127,13,359.l.185373.t.8,359.p.24913,2016
128,13,359.l.185373.t.7,359.p.28537,2016
129,13,359.l.185373.t.5,359.p.9353,2016
130,13,359.l.185373.t.4,359.p.28475,2016
131,14,359.l.185373.t.4,359.p.28389,2016
132,14,359.l.185373.t.5,359.p.29281,2016
133,14,359.l.185373.t.7,359.p.28417,2016
134,14,359.l.185373.t.8,359.p.25793,2016
135,14,359.l.185373.t.6,359.p.26702,2016
136,14,359.l.185373.t.10,359.p.9010,2016
137,14,359.l.185373.t.9,359.p.25810,2016
138,14,359.l.185373.t.1,359.p.28428,2016
139,14,359.l.185373.t.2,359.p.24070,2016
140,14,359.l.185373.t.3,359.p.8447,2016
141,15,359.l.185373.t.3,359.p.100004,2016
142,15,359.l.185373.t.2,359.p.26534,2016
143,15,359.l.185373.t.1,359.p.28429,2016
144,15,359.l.185373.t.9,359.p.100017,2016
145,15,359.l.185373.t.10,359.p.27538,2016
146,15,359.l.185373.t.6,359.p.9066,2016
147,15,359.l.185373.t.8,359.p.9219,2016
148,15,359.l.185373.t.7,359.p.28103,2016
149,15,359.l.185373.t.5,359.p.28227,2016
150,15,359.l.185373.t.4,359.p.100025,2016
1,1,371.l.525547.t.3,371.p.28474,2017
2,1,371.l.525547.t.2,371.p.26671,2017
3,1,371.l.525547.t.8,371.p.24171,2017
4,1,371.l.525547.t.7,371.p.24793,2017
5,1,371.l.525547.t.9,371.p.5228,2017
6,1,371.l.525547.t.10,371.p.9317,2017
7,1,371.l.525547.t.4,371.p.27540,2017
8,1,371.l.525547.t.1,371.p.24791,2017
9,1,371.l.525547.t.5,371.p.8813,2017
10,1,371.l.525547.t.6,371.p.28537,2017
11,2,371.l.525547.t.6,371.p.27535,2017
12,2,371.l.525547.t.5,371.p.27631,2017
13,2,371.l.525547.t.1,371.p.29281,2017
14,2,371.l.525547.t.4,371.p.28403,2017
15,2,371.l.525547.t.10,371.p.29384,2017
16,2,371.l.525547.t.9,371.p.28398,2017
17,2,371.l.525547.t.7,371.p.23999,2017
18,2,371.l.525547.t.8,371.p.29238,2017
19,2,371.l.525547.t.2,371.p.24858,2017
20,2,371.l.525547.t.3,371.p.28392,2017
21,3,371.l.525547.t.3,371.p.27548,2017
22,3,371.l.525547.t.2,371.p.24017,2017
23,3,371.l.525547.t.8,371.p.30154,2017
24,3,371.l.525547.t.7,371.p.25807,2017
25,3,371.l.525547.t.9,371.p.25105,2017
26,3,371.l.525547.t.10,371.p.25802,2017
27,3,371.l.525547.t.4,371.p.30199,2017
28,3,371.l.525547.t.1,371.p.30117,2017
29,3,371.l.525547.t.5,371.p.7200,2017
30,3,371.l.525547.t.6,371.p.26699,2017
31,4,371.l.525547.t.6,371.p.27646,2017
32,4,371.l.525547.t.5,371.p.28014,2017
33,4,371.l.525547.t.1,371.p.30121,2017
34,4,371.l.525547.t.4,371.p.27585,2017
35,4,371.l.525547.t.10,371.p.25681,2017
36,4,371.l.525547.t.9,371.p.26686,2017
37,4,371.l.525547.t.7,371.p.5479,2017
38,4,371.l.525547.t.8,371.p.9274,2017
39,4,371.l.525547.t.2,371.p.26650,2017
40,4,371.l.525547.t.3,371.p.28482,2017
41,5,371.l.525547.t.3,371.p.23997,2017
42,5,371.l.525547.t.2,371.p.25755,2017
43,5,371.l.525547.t.8,371.p.28442,2017
44,5,371.l.525547.t.7,371.p.27581,2017
45,5,371.l.525547.t.9,371.p.27556,2017
46,5,371.l.525547.t.10,371.p.8266,2017
47,5,371.l.525547.t.4,371.p.30161,2017
48,5,371.l.525547.t.1,371.p.29399,2017
49,5,371.l.525547.t.5,371.p.27589,2017
50,5,371.l.525547.t.6,371.p.24815,2017
51,6,371.l.525547.t.6,371.p.24070,2017
52,6,371.l.525547.t.5,371.p.8285,2017
53,6,371.l.525547.t.1,371.p.8780,2017
54,6,371.l.525547.t.4,371.p.24035,2017
55,6,371.l.525547.t.10,371.p.26708,2017
56,6,371.l.525547.t.9,371.p.26878,2017
57,6,371.l.525547.t.7,371.p.29383,2017
58,6,371.l.525547.t.8,371.p.7241,2017
59,6,371.l.525547.t.2,371.p.6762,2017
60,6,371.l.525547.t.3,371.p.26644,2017
61,7,371.l.525547.t.3,371.p.25785,2017
62,7,371.l.525547.t.2,371.p.24913,2017
63,7,371.l.525547.t.8,371.p.9560,2017
64,7,371.l.525547.t.7,371.p.28461,2017
65,7,371.l.525547.t.9,371.p.7867,2017
66,7,371.l.525547.t.10,371.p.27532,2017
67,7,371.l.525547.t.4,371.p.28402,2017
68,7,371.l.525547.t.1,371.p.28493,2017
69,7,371.l.525547.t.5,371.p.24057,2017
70,7,371.l.525547.t.6,371.p.28534,2017
71,8,371.l.525547.t.6,371.p.24788,2017
72,8,371.l.525547.t.5,371.p.25741,2017
73,8,371.l.525547.t.1,371.p.8261,2017
74,8,371.l.525547.t.4,371.p.25812,2017
75,8,371.l.525547.t.10,371.p.6770,2017
76,8,371.l.525547.t.9,371.p.8982,2017
77,8,371.l.525547.t.7,371.p.24830,2017
78,8,371.l.525547.t.8,371.p.6763,2017
79,8,371.l.525547.t.2,371.p.28390,2017
80,8,371.l.525547.t.3,371.p.7924,2017
81,9,371.l.525547.t.3,371.p.29279,2017
82,9,371.l.525547.t.2,371.p.27591,2017
83,9,371.l.525547.t.8,371.p.7868,2017
84,9,371.l.525547.t.7,371.p.26534,2017
85,9,371.l.525547.t.9,371.p.100026,2017
86,9,371.l.525547.t.10,371.p.27564,2017
87,9,371.l.525547.t.4,371.p.26658,2017
88,9,371.l.525547.t.1,371.p.100007,2017
89,9,371.l.525547.t.5,371.p.29694,2017
90,9,371.l.525547.t.6,371.p.8263,2017
91,10,371.l.525547.t.6,371.p.24318,2017
92,10,371.l.525547.t.5,371.p.100022,2017
93,10,371.l.525547.t.1,371.p.8838,2017
94,10,371.l.525547.t.4,371.p.28691,2017
95,10,371.l.525547.t.10,371.p.8826,2017
96,10,371.l.525547.t.9,371.p.9283,2017
97,10,371.l.525547.t.7,371.p.26787,2017
98,10,371.l.525547.t.8,371.p.100034,2017
99,10,371.l.525547.t.2,371.p.27622,2017
100,10,371.l.525547.t.3,371.p.27619,2017
101,11,371.l.525547.t.3,371.p.8781,2017
102,11,371.l.525547.t.2,371.p.28389,2017
103,11,371.l.525547.t.8,371.p.24851,2017
104,11,371.l.525547.t.7,371.p.100017,2017
105,11,371.l.525547.t.9,371.p.29369,2017
106,11,371.l.525547.t.10,371.p.8790,2017
107,11,371.l.525547.t.4,371.p.9294,2017
108,11,371.l.525547.t.1,371.p.27120,2017
109,11,371.l.525547.t.5,371.p.28026,2017
110,11,371.l.525547.t.6,371.p.26822,2017
111,12,371.l.525547.t.6,371.p.27618,2017
112,12,371.l.525547.t.5,371.p.25427,2017
113,12,371.l.525547.t.1,371.p.25711,2017
114,12,371.l.525547.t.4,371.p.29324,2017
115,12,371.l.525547.t.10,371.p.6663,2017
116,12,371.l.525547.t.9,371.p.24062,2017
117,12,371.l.525547.t.7,371.p.25937,2017
118,12,371.l.525547.t.8,371.p.26684,2017
119,12,371.l.525547.t.2,371.p.28465,2017
120,12,371.l.525547.t.3,371.p.8447,2017
121,13,371.l.525547.t.3,371.p.100023,2017
122,13,371.l.525547.t.2,371.p.6243,2017
123,13,371.l.525547.t.8,371.p.29269,2017
124,13,371.l.525547.t.7,371.p.9265,2017
125,13,371.l.525547.t.9,371.p.28714,2017
126,13,371.l.525547.t.10,371.p.3727,2017
127,13,371.l.525547.t.4,371.p.28395,2017
128,13,371.l.525547.t.1,371.p.30118,2017
129,13,371.l.525547.t.5,371.p.24932,2017
130,13,371.l.525547.t.6,371.p.100012,2017
131,14,371.l.525547.t.6,371.p.25178,2017
132,14,371.l.525547.t.5,371.p.29249,2017
133,14,371.l.525547.t.1,371.p.8850,2017
134,14,371.l.525547.t.4,371.p.29754,2017
135,14,371.l.525547.t.10,371.p.100009,2017
136,14,371.l.525547.t.9,371.p.27277,2017
137,14,371.l.525547.t.7,371.p.7306,2017
138,14,371.l.525547.t.8,371.p.30150,2017
139,14,371.l.525547.t.2,371.p.27570,2017
140,14,371.l.525547.t.3,371.p.6760,2017
141,15,371.l.525547.t.3,371.p.100033,2017
142,15,371.l.525547.t.2,371.p.100016,2017
143,15,371.l.525547.t.8,371.p.5046,2017
144,15,371.l.525547.t.7,371.p.9348,2017
145,15,371.l.525547.t.9,371.p.8821,2017
146,15,371.l.525547.t.10,371.p.24822,2017
147,15,371.l.525547.t.4,371.p.100019,2017
148,15,371.l.525547.t.1,371.p.30362,2017
149,15,371.l.525547.t.5,371.p.30851,2017
150,15,371.l.525547.t.6,371.p.25876,2017
1,1,380.l.236583.t.1,380.p.28398,2018
2,1,380.l.236583.t.9,380.p.29238,2018
3,1,380.l.236583.t.5,380.p.26671,2018
4,1,380.l.236583.t.6,380.p.28474,2018
5,1,380.l.236583.t.8,380.p.24171,2018
6,1,380.l.236583.t.4,380.p.30180,2018
7,1,380.l.236583.t.2,380.p.26650,2018
8,1,380.l.236583.t.10,380.p.30972,2018
9,1,380.l.236583.t.7,380.p.30199,2018
10,1,380.l.236583.t.3,380.p.27540,2018
11,2,380.l.236583.t.3,380.p.28403,2018
12,2,380.l.236583.t.7,380.p.30117,2018
13,2,380.l.236583.t.10,380.p.24793,2018
14,2,380.l.236583.t.2,380.p.29281,2018
15,2,380.l.236583.t.4,380.p.27581,2018
16,2,380.l.236583.t.8,380.p.26699,2018
17,2,380.l.236583.t.6,380.p.30154,2018
18,2,380.l.236583.t.5,380.p.24017,2018
19,2,380.l.236583.t.9,380.p.24791,2018
20,2,380.l.236583.t.1,380.p.27535,2018
21,3,380.l.236583.t.1,380.p.27631,2018
22,3,380.l.236583.t.9,380.p.30121,2018
23,3,380.l.236583.t.5,380.p.27277,2018
24,3,380.l.236583.t.6,380.p.25802,2018
25,3,380.l.236583.t.8,380.p.29384,2018
26,3,380.l.236583.t.4,380.p.25105,2018
27,3,380.l.236583.t.2,380.p.7200,2018
28,3,380.l.236583.t.10,380.p.26686,2018
29,3,380.l.236583.t.7,380.p.24035,2018
30,3,380.l.236583.t.3,380.p.5228,2018
31,4,380.l.236583.t.3,380.p.26658,2018
32,4,380.l.236583.t.7,380.p.30175,2018
33,4,380.l.236583.t.10,380.p.6762,2018
34,4,380.l.236583.t.2,380.p.27624,2018
35,4,380.l.236583.t.4,380.p.30161,2018
36,4,380.l.236583.t.8,380.p.9317,2018
37,4,380.l.236583.t.6,380.p.29399,2018
38,4,380.l.236583.t.5,380.p.23997,2018
39,4,380.l.236583.t.9,380.p.28534,2018
40,4,380.l.236583.t.1,380.p.30125,2018
41,5,380.l.236583.t.1,380.p.28392,2018
42,5,380.l.236583.t.9,380.p.29279,2018
43,5,380.l.236583.t.5,380.p.29307,2018
44,5,380.l.236583.t.6,380.p.29405,2018
45,5,380.l.236583.t.8,380.p.27591,2018
46,5,380.l.236583.t.4,380.p.25785,2018
47,5,380.l.236583.t.2,380.p.27548,2018
48,5,380.l.236583.t.10,380.p.26561,2018
49,5,380.l.236583.t.7,380.p.27589,2018
50,5,380.l.236583.t.3,380.p.25876,2018
51,6,380.l.236583.t.3,380.p.28537,2018
52,6,380.l.236583.t.7,380.p.25178,2018
53,6,380.l.236583.t.10,380.p.24788,2018
54,6,380.l.236583.t.2,380.p.30136,2018
55,6,380.l.236583.t.4,380.p.24070,2018
56,6,380.l.236583.t.8,380.p.25807,2018
57,6,380.l.236583.t.6,380.p.24815,2018
58,6,380.l.236583.t.5,380.p.30997,2018
59,6,380.l.236583.t.9,380.p.5479,2018
60,6,380.l.236583.t.1,380.p.8285,2018
61,7,380.l.236583.t.1,380.p.8266,2018
62,7,380.l.236583.t.9,380.p.9274,2018
63,7,380.l.236583.t.5,380.p.24936,2018
64,7,380.l.236583.t.6,380.p.24830,2018
65,7,380.l.236583.t.8,380.p.6770,2018
66,7,380.l.236583.t.4,380.p.30118,2018
67,7,380.l.236583.t.2,380.p.31041,2018
68,7,380.l.236583.t.10,380.p.26813,2018
69,7,380.l.236583.t.7,380.p.31013,2018
70,7,380.l.236583.t.3,380.p.27532,2018
71,8,380.l.236583.t.3,380.p.25881,2018
72,8,380.l.236583.t.7,380.p.30182,2018
73,8,380.l.236583.t.10,380.p.100030,2018
74,8,380.l.236583.t.2,380.p.29236,2018
75,8,380.l.236583.t.4,380.p.31008,2018
76,8,380.l.236583.t.8,380.p.7924,2018
77,8,380.l.236583.t.6,380.p.25812,2018
78,8,380.l.236583.t.5,380.p.31001,2018
79,8,380.l.236583.t.9,380.p.28493,2018
80,8,380.l.236583.t.1,380.p.29255,2018
81,9,380.l.236583.t.1,380.p.100021,2018
82,9,380.l.236583.t.9,380.p.8813,2018
83,9,380.l.236583.t.5,380.p.26664,2018
84,9,380.l.236583.t.6,380.p.26701,2018
85,9,380.l.236583.t.8,380.p.30232,2018
86,9,380.l.236583.t.4,380.p.100016,2018
87,9,380.l.236583.t.2,380.p.25755,2018
88,9,380.l.236583.t.10,380.p.7867,2018
89,9,380.l.236583.t.7,380.p.9265,2018
90,9,380.l.236583.t.3,380.p.100014,2018
91,10,380.l.236583.t.3,380.p.28429,2018
92,10,380.l.236583.t.7,380.p.24057,2018
93,10,380.l.236583.t.10,380.p.29785,2018
94,10,380.l.236583.t.2,380.p.26878,2018
95,10,380.l.236583.t.4,380.p.28402,2018
96,10,380.l.236583.t.8,380.p.28408,2018
97,10,380.l.236583.t.6,380.p.29274,2018
98,10,380.l.236583.t.5,380.p.25711,2018
99,10,380.l.236583.t.9,380.p.27789,2018
100,10,380.l.236583.t.1,380.p.26708,2018
101,11,380.l.236583.t.1,380.p.26534,2018
102,11,380.l.236583.t.9,380.p.100024,2018
103,11,380.l.236583.t.5,380.p.6243,2018
104,11,380.l.236583.t.6,380.p.100007,2018
105,11,380.l.236583.t.8,380.p.27590,2018
106,11,380.l.236583.t.4,380.p.30247,2018
107,11,380.l.236583.t.2,380.p.30142,2018
108,11,380.l.236583.t.10,380.p.8982,2018
109,11,380.l.236583.t.7,380.p.28461,2018
110,11,380.l.236583.t.3,380.p.27585,2018
111,12,380.l.236583.t.3,380.p.26777,2018
112,12,380.l.236583.t.7,380.p.9496,2018
113,12,380.l.236583.t.10,380.p.28014,2018
114,12,380.l.236583.t.2,380.p.30346,2018
115,12,380.l.236583.t.4,380.p.24851,2018
116,12,380.l.236583.t.8,380.p.30256,2018
117,12,380.l.236583.t.6,380.p.30362,2018
118,12,380.l.236583.t.5,380.p.26804,2018
119,12,380.l.236583.t.9,380.p.28390,2018
120,12,380.l.236583.t.1,380.p.26767,2018
121,13,380.l.236583.t.1,380.p.27556,2018
122,13,380.l.236583.t.9,380.p.30295,2018
123,13,380.l.236583.t.5,380.p.6763,2018
124,13,380.l.236583.t.6,380.p.27567,2018
125,13,380.l.236583.t.8,380.p.100018,2018
126,13,380.l.236583.t.4,380.p.24062,2018
127,13,380.l.236583.t.2,380.p.30120,2018
128,13,380.l.236583.t.10,380.p.30123,2018
129,13,380.l.236583.t.7,380.p.30259,2018
130,13,380.l.236583.t.3,380.p.29249,2018
131,14,380.l.236583.t.3,380.p.29256,2018
132,14,380.l.236583.t.7,380.p.30266,2018
133,14,380.l.236583.t.10,380.p.27299,2018
134,14,380.l.236583.t.2,380.p.28465,2018
135,14,380.l.236583.t.4,380.p.29754,2018
136,14,380.l.236583.t.8,380.p.7520,2018
137,14,380.l.236583.t.6,380.p.29694,2018
138,14,380.l.236583.t.5,380.p.100033,2018
139,14,380.l.236583.t.9,380.p.28482,2018
140,14,380.l.236583.t.1,380.p.29235,2018
141,15,380.l.236583.t.1,380.p.29370,2018
142,15,380.l.236583.t.9,380.p.25427,2018
143,15,380.l.236583.t.5,380.p.26644,2018
144,15,380.l.236583.t.6,380.p.3727,2018
145,15,380.l.236583.t.8,380.p.27646,2018
146,15,380.l.236583.t.4,380.p.31074,2018
147,15,380.l.236583.t.2,380.p.100023,2018
148,15,380.l.236583.t.10,380.p.100034,2018
149,15,380.l.236583.t.7,380.p.100017,2018
150,15,380.l.236583.t.3,380.p.7868,2018
1,1,390.l.215172.t.7,390.p.30972,2019
2,1,390.l.215172.t.3,390.p.30180,2019
3,1,390.l.215172.t.4,390.p.30121,2019
4,1,390.l.215172.t.6,390.p.29238,2019
5,1,390.l.215172.t.9,390.p.28474,2019
6,1,390.l.215172.t.10,390.p.26650,2019
7,1,390.l.215172.t.1,390.p.31005,2019
8,1,390.l.215172.t.5,390.p.30218,2019
9,1,390.l.215172.t.2,390.p.27581,2019
10,1,390.l.215172.t.8,390.p.30154,2019
11,2,390.l.215172.t.8,390.p.30175,2019
12,2,390.l.215172.t.2,390.p.24793,2019
13,2,390.l.215172.t.5,390.p.29281,2019
14,2,390.l.215172.t.1,390.p.26671,2019
15,2,390.l.215172.t.10,390.p.26686,2019
16,2,390.l.215172.t.9,390.p.28398,2019
17,2,390.l.215172.t.6,390.p.29399,2019
18,2,390.l.215172.t.4,390.p.30161,2019
19,2,390.l.215172.t.3,390.p.27540,2019
20,2,390.l.215172.t.7,390.p.24171,2019
21,3,390.l.215172.t.7,390.p.30123,2019
22,3,390.l.215172.t.3,390.p.30295,2019
23,3,390.l.215172.t.4,390.p.30259,2019
24,3,390.l.215172.t.6,390.p.31013,2019
25,3,390.l.215172.t.9,390.p.27535,2019
26,3,390.l.215172.t.10,390.p.27631,2019
27,3,390.l.215172.t.1,390.p.26699,2019
28,3,390.l.215172.t.5,390.p.26658,2019
29,3,390.l.215172.t.2,390.p.28115,2019
30,3,390.l.215172.t.8,390.p.30117,2019
31,4,390.l.215172.t.8,390.p.28534,2019
32,4,390.l.215172.t.2,390.p.9496,2019
33,4,390.l.215172.t.5,390.p.28392,2019
34,4,390.l.215172.t.1,390.p.26664,2019
35,4,390.l.215172.t.10,390.p.31905,2019
36,4,390.l.215172.t.9,390.p.27277,2019
37,4,390.l.215172.t.6,390.p.31856,2019
38,4,390.l.215172.t.4,390.p.30362,2019
39,4,390.l.215172.t.3,390.p.30197,2019
40,4,390.l.215172.t.7,390.p.27548,2019
41,5,390.l.215172.t.7,390.p.29269,2019
42,5,390.l.215172.t.3,390.p.29279,2019
43,5,390.l.215172.t.4,390.p.31001,2019
44,5,390.l.215172.t.6,390.p.25802,2019
45,5,390.l.215172.t.9,390.p.30256,2019
46,5,390.l.215172.t.10,390.p.24815,2019
47,5,390.l.215172.t.1,390.p.28457,2019
48,5,390.l.215172.t.5,390.p.30125,2019
49,5,390.l.215172.t.2,390.p.30209,2019
50,5,390.l.215172.t.8,390.p.7200,2019
51,6,390.l.215172.t.8,390.p.30120,2019
52,6,390.l.215172.t.2,390.p.30132,2019
53,6,390.l.215172.t.5,390.p.28403,2019
54,6,390.l.215172.t.1,390.p.31885,2019
55,6,390.l.215172.t.10,390.p.29288,2019
56,6,390.l.215172.t.9,390.p.31379,2019
57,6,390.l.215172.t.6,390.p.30182,2019
58,6,390.l.215172.t.4,390.p.27589,2019
59,6,390.l.215172.t.3,390.p.28465,2019
60,6,390.l.215172.t.7,390.p.30996,2019
61,7,390.l.215172.t.7,390.p.31041,2019
62,7,390.l.215172.t.3,390.p.30971,2019
63,7,390.l.215172.t.4,390.p.26561,2019
64,7,390.l.215172.t.6,390.p.27658,2019
65,7,390.l.215172.t.9,390.p.9353,2019
66,7,390.l.215172.t.10,390.p.30136,2019
67,7,390.l.215172.t.1,390.p.28461,2019
68,7,390.l.215172.t.5,390.p.31017,2019
69,7,390.l.215172.t.2,390.p.30232,2019
70,7,390.l.215172.t.8,390.p.29307,2019
71,8,390.l.215172.t.8,390.p.27591,2019
72,8,390.l.215172.t.2,390.p.30423,2019
73,8,390.l.215172.t.5,390.p.30994,2019
74,8,390.l.215172.t.1,390.p.29785,2019
75,8,390.l.215172.t.10,390.p.29255,2019
76,8,390.l.215172.t.9,390.p.8780,2019
77,8,390.l.215172.t.6,390.p.30223,2019
78,8,390.l.215172.t.4,390.p.25755,2019
79,8,390.l.215172.t.3,390.p.30153,2019
80,8,390.l.215172.t.7,390.p.30118,2019
81,9,390.l.215172.t.7,390.p.25881,2019
82,9,390.l.215172.t.3,390.p.24791,2019
83,9,390.l.215172.t.4,390.p.31002,2019
84,9,390.l.215172.t.6,390.p.26678,2019
85,9,390.l.215172.t.9,390.p.29274,2019
86,9,390.l.215172.t.10,390.p.26804,2019
87,9,390.l.215172.t.1,390.p.24788,2019
88,9,390.l.215172.t.5,390.p.25785,2019
89,9,390.l.215172.t.2,390.p.31906,2019
90,9,390.l.215172.t.8,390.p.30142,2019
91,10,390.l.215172.t.8,390.p.100003,2019
92,10,390.l.215172.t.2,390.p.30552,2019
93,10,390.l.215172.t.5,390.p.30997,2019
94,10,390.l.215172.t.1,390.p.31056,2019
95,10,390.l.215172.t.10,390.p.25876,2019
96,10,390.l.215172.t.9,390.p.31902,2019
97,10,390.l.215172.t.6,390.p.28389,2019
98,10,390.l.215172.t.4,390.p.31029,2019
99,10,390.l.215172.t.3,390.p.5479,2019
100,10,390.l.215172.t.7,390.p.100017,2019
101,11,390.l.215172.t.7,390.p.29235,2019
102,11,390.l.215172.t.3,390.p.7924,2019
103,11,390.l.215172.t.4,390.p.31014,2019
104,11,390.l.215172.t.6,390.p.31960,2019
105,11,390.l.215172.t.9,390.p.24057,2019
106,11,390.l.215172.t.10,390.p.29236,2019
107,11,390.l.215172.t.1,390.p.27532,2019
108,11,390.l.215172.t.5,390.p.29315,2019
109,11,390.l.215172.t.2,390.p.32046,2019
110,11,390.l.215172.t.8,390.p.6762,2019
111,12,390.l.215172.t.8,390.p.27618,2019
112,12,390.l.215172.t.2,390.p.31051,2019
113,12,390.l.215172.t.5,390.p.31100,2019
114,12,390.l.215172.t.1,390.p.8826,2019
115,12,390.l.215172.t.10,390.p.100014,2019
116,12,390.l.215172.t.9,390.p.29384,2019
117,12,390.l.215172.t.6,390.p.29719,2019
118,12,390.l.215172.t.4,390.p.31144,2019
119,12,390.l.215172.t.3,390.p.100034,2019
120,12,390.l.215172.t.7,390.p.8261,2019
121,13,390.l.215172.t.7,390.p.27585,2019
122,13,390.l.215172.t.3,390.p.31010,2019
123,13,390.l.215172.t.4,390.p.100030,2019
124,13,390.l.215172.t.6,390.p.29560,2019
125,13,390.l.215172.t.9,390.p.30346,2019
126,13,390.l.215172.t.10,390.p.8285,2019
127,13,390.l.215172.t.1,390.p.100007,2019
128,13,390.l.215172.t.5,390.p.100016,2019
129,13,390.l.215172.t.2,390.p.6763,2019
130,13,390.l.215172.t.8,390.p.31074,2019
131,14,390.l.215172.t.8,390.p.26534,2019
132,14,390.l.215172.t.2,390.p.100033,2019
133,14,390.l.215172.t.5,390.p.7867,2019
134,14,390.l.215172.t.1,390.p.9317,2019
135,14,390.l.215172.t.10,390.p.29369,2019
136,14,390.l.215172.t.9,390.p.24830,2019
137,14,390.l.215172.t.6,390.p.100006,2019
138,14,390.l.215172.t.4,390.p.31945,2019
139,14,390.l.215172.t.3,390.p.5228,2019
140,14,390.l.215172.t.7,390.p.27619,2019
141,15,390.l.215172.t.7,390.p.26767,2019
142,15,390.l.215172.t.3,390.p.25427,2019
143,15,390.l.215172.t.4,390.p.31221,2019
144,15,390.l.215172.t.6,390.p.29792,2019
145,15,390.l.215172.t.9,390.p.100026,2019
146,15,390.l.215172.t.10,390.p.29754,2019
147,15,390.l.215172.t.1,390.p.30266,2019
148,15,390.l.215172.t.5,390.p.31919,2019
149,15,390.l.215172.t.2,390.p.8447,2019
150,15,390.l.215172.t.8,390.p.24936,2019
1,1,399.l.12514.t.6,399.p.30121,2020
2,1,399.l.12514.t.3,399.p.30972,2020
3,1,399.l.12514.t.8,399.p.29238,2020
4,1,399.l.12514.t.4,399.p.29279,2020
5,1,399.l.12514.t.2,399.p.32702,2020
6,1,399.l.12514.t.10,399.p.29281,2020
7,1,399.l.12514.t.7,399.p.30180,2020
8,1,399.l.12514.t.1,399.p.27581,2020
9,1,399.l.12514.t.9,399.p.30154,2020
10,1,399.l.12514.t.5,399.p.29307,2020
11,2,399.l.12514.t.5,399.p.31856,2020
12,2,399.l.12514.t.9,399.p.24793,2020
13,2,399.l.12514.t.1,399.p.31885,2020
14,2,399.l.12514.t.7,399.p.30161,2020
15,2,399.l.12514.t.10,399.p.31005,2020
16,2,399.l.12514.t.2,399.p.30423,2020
17,2,399.l.12514.t.4,399.p.26650,2020
18,2,399.l.12514.t.8,399.p.31002,2020
19,2,399.l.12514.t.3,399.p.26686,2020
20,2,399.l.12514.t.6,399.p.30295,2020
21,3,399.l.12514.t.6,399.p.29399,2020
22,3,399.l.12514.t.3,399.p.30197,2020
23,3,399.l.12514.t.8,399.p.30218,2020
24,3,399.l.12514.t.4,399.p.30362,2020
25,3,399.l.12514.t.2,399.p.30259,2020
26,3,399.l.12514.t.10,399.p.28398,2020
27,3,399.l.12514.t.7,399.p.30123,2020
28,3,399.l.12514.t.1,399.p.30209,2020
29,3,399.l.12514.t.9,399.p.27277,2020
30,3,399.l.12514.t.5,399.p.27589,2020
31,4,399.l.12514.t.5,399.p.31908,2020
32,4,399.l.12514.t.9,399.p.27535,2020
33,4,399.l.12514.t.1,399.p.24815,2020
34,4,399.l.12514.t.7,399.p.30994,2020
35,4,399.l.12514.t.10,399.p.30175,2020
36,4,399.l.12514.t.2,399.p.27540,2020
37,4,399.l.12514.t.4,399.p.28474,2020
38,4,399.l.12514.t.8,399.p.32711,2020
39,4,399.l.12514.t.3,399.p.30996,2020
40,4,399.l.12514.t.6,399.p.28392,2020
41,5,399.l.12514.t.6,399.p.31896,2020
42,5,399.l.12514.t.3,399.p.28654,2020
43,5,399.l.12514.t.8,399.p.28457,2020
44,5,399.l.12514.t.4,399.p.31010,2020
45,5,399.l.12514.t.2,399.p.30182,2020
46,5,399.l.12514.t.10,399.p.31905,2020
47,5,399.l.12514.t.7,399.p.31883,2020
48,5,399.l.12514.t.1,399.p.31031,2020
49,5,399.l.12514.t.9,399.p.31056,2020
50,5,399.l.12514.t.5,399.p.26671,2020
51,6,399.l.12514.t.5,399.p.30199,2020
52,6,399.l.12514.t.9,399.p.29369,2020
53,6,399.l.12514.t.1,399.p.32705,2020
54,6,399.l.12514.t.7,399.p.26664,2020
55,6,399.l.12514.t.10,399.p.25785,2020
56,6,399.l.12514.t.2,399.p.28403,2020
57,6,399.l.12514.t.4,399.p.31008,2020
58,6,399.l.12514.t.8,399.p.26658,2020
59,6,399.l.12514.t.3,399.p.31906,2020
60,6,399.l.12514.t.6,399.p.31833,2020
61,7,399.l.12514.t.6,399.p.32722,2020
62,7,399.l.12514.t.3,399.p.31051,2020
63,7,399.l.12514.t.8,399.p.26699,2020
64,7,399.l.12514.t.4,399.p.28534,2020
65,7,399.l.12514.t.2,399.p.25802,2020
66,7,399.l.12514.t.10,399.p.30136,2020
67,7,399.l.12514.t.7,399.p.24791,2020
68,7,399.l.12514.t.1,399.p.32725,2020
69,7,399.l.12514.t.9,399.p.28402,2020
70,7,399.l.12514.t.5,399.p.31857,2020
71,8,399.l.12514.t.5,399.p.29288,2020
72,8,399.l.12514.t.9,399.p.26534,2020
73,8,399.l.12514.t.1,399.p.29255,2020
74,8,399.l.12514.t.7,399.p.30117,2020
75,8,399.l.12514.t.10,399.p.30125,2020
76,8,399.l.12514.t.2,399.p.31934,2020
77,8,399.l.12514.t.4,399.p.5479,2020
78,8,399.l.12514.t.8,399.p.9496,2020
79,8,399.l.12514.t.3,399.p.28592,2020
80,8,399.l.12514.t.6,399.p.27591,2020
81,9,399.l.12514.t.6,399.p.29344,2020
82,9,399.l.12514.t.3,399.p.31001,2020
83,9,399.l.12514.t.8,399.p.30346,2020
84,9,399.l.12514.t.4,399.p.29384,2020
85,9,399.l.12514.t.2,399.p.8780,2020
86,9,399.l.12514.t.10,399.p.25876,2020
87,9,399.l.12514.t.7,399.p.29269,2020
88,9,399.l.12514.t.1,399.p.31898,2020
89,9,399.l.12514.t.9,399.p.32756,2020
90,9,399.l.12514.t.5,399.p.32736,2020
91,10,399.l.12514.t.5,399.p.26804,2020
92,10,399.l.12514.t.9,399.p.8261,2020
93,10,399.l.12514.t.1,399.p.30256,2020
94,10,399.l.12514.t.7,399.p.30552,2020
95,10,399.l.12514.t.10,399.p.24017,2020
96,10,399.l.12514.t.2,399.p.30232,2020
97,10,399.l.12514.t.4,399.p.29274,2020
98,10,399.l.12514.t.8,399.p.28493,2020
99,10,399.l.12514.t.3,399.p.100025,2020
100,10,399.l.12514.t.6,399.p.32687,2020
101,11,399.l.12514.t.6,399.p.31902,2020
102,11,399.l.12514.t.3,399.p.31379,2020
103,11,399.l.12514.t.8,399.p.27548,2020
104,11,399.l.12514.t.4,399.p.24057,2020
105,11,399.l.12514.t.2,399.p.31104,2020
106,11,399.l.12514.t.10,399.p.30153,2020
107,11,399.l.12514.t.7,399.p.100033,2020
108,11,399.l.12514.t.1,399.p.31852,2020
109,11,399.l.12514.t.9,399.p.31013,2020
110,11,399.l.12514.t.5,399.p.31021,2020
111,12,399.l.12514.t.5,399.p.30977,2020
112,12,399.l.12514.t.9,399.p.100002,2020
113,12,399.l.12514.t.1,399.p.24788,2020
114,12,399.l.12514.t.7,399.p.31868,2020
115,12,399.l.12514.t.10,399.p.31074,2020
116,12,399.l.12514.t.2,399.p.27619,2020
117,12,399.l.12514.t.4,399.p.100023,2020
118,12,399.l.12514.t.8,399.p.31919,2020
119,12,399.l.12514.t.3,399.p.28461,2020
120,12,399.l.12514.t.6,399.p.7200,2020
121,13,399.l.12514.t.6,399.p.100003,2020
122,13,399.l.12514.t.3,399.p.31888,2020
123,13,399.l.12514.t.8,399.p.31012,2020
124,13,399.l.12514.t.4,399.p.28465,2020
125,13,399.l.12514.t.2,399.p.29754,2020
126,13,399.l.12514.t.10,399.p.25881,2020
127,13,399.l.12514.t.7,399.p.31017,2020
128,13,399.l.12514.t.1,399.p.27658,2020
129,13,399.l.12514.t.9,399.p.5228,2020
130,13,399.l.12514.t.5,399.p.30995,2020
131,14,399.l.12514.t.5,399.p.7520,2020
132,14,399.l.12514.t.9,399.p.31268,2020
133,14,399.l.12514.t.1,399.p.100007,2020
134,14,399.l.12514.t.7,399.p.29236,2020
135,14,399.l.12514.t.10,399.p.100017,2020
136,14,399.l.12514.t.2,399.p.32732,2020
137,14,399.l.12514.t.4,399.p.27299,2020
138,14,399.l.12514.t.8,399.p.31972,2020
139,14,399.l.12514.t.3,399.p.9265,2020
140,14,399.l.12514.t.6,399.p.30337,2020
141,15,399.l.12514.t.6,399.p.9317,2020
142,15,399.l.12514.t.3,399.p.8565,2020
143,15,399.l.12514.t.8,399.p.27624,2020
144,15,399.l.12514.t.4,399.p.25427,2020
145,15,399.l.12514.t.2,399.p.100011,2020
146,15,399.l.12514.t.10,399.p.32746,2020
147,15,399.l.12514.t.7,399.p.30426,2020
148,15,399.l.12514.t.1,399.p.8826,2020
149,15,399.l.12514.t.9,399.p.27585,2020
150,15,399.l.12514.t.5,399.p.100021,2020
